iteration,epoch,loss,accuracy,saved_best
0.000000,0.000000,1.104535,0.355164,1.000000
10.000000,0.001842,1.100102,0.364929,1.000000
