iteration,epoch,loss,accuracy
1.000000,0.000089,1.512591,1.000000
2.000000,0.000179,1.452863,1.000000
