iteration,epoch,loss,accuracy
1.000000,0.000089,1.508957,0.170654
2.000000,0.000179,1.479370,0.095527
