iteration,epoch,loss,accuracy,saved_best
2.000000,0.000089,5.526073,0.452445,1.000000
12.000000,0.000535,0.863009,0.027044,1.000000
22.000000,0.000982,0.313609,0.000990,1.000000
32.000000,0.001428,0.271126,0.002157,1.000000
42.000000,0.001874,0.250783,0.007927,1.000000
52.000000,0.002320,0.223803,0.028838,1.000000
62.000000,0.002767,0.208785,0.067124,1.000000
72.000000,0.003213,0.210195,0.156266,0.000000
