iteration,epoch,loss,accuracy,saved_best
0.000000,0.000000,1.126319,0.286743,1.000000
10.000000,0.001842,1.128409,0.285339,0.000000
20.000000,0.003683,1.123258,0.296997,1.000000
30.000000,0.005525,1.123336,0.310791,0.000000
