iteration,epoch,loss,accuracy,saved_best
2.000000,0.000179,1.353023,0.741314,1.000000
12.000000,0.001071,0.950157,0.857835,1.000000
22.000000,0.001964,0.546514,0.885161,1.000000
