iteration,epoch,loss,accuracy
1.000000,0.000089,1.399336,0.079509
2.000000,0.000179,1.399277,0.083855
