iteration,epoch,loss,accuracy,saved_best
2.000000,0.000179,1.336770,0.030254,1.000000
