iteration,epoch,loss,accuracy
1.000000,0.000089,1.341536,0.055253
2.000000,0.000179,1.337875,0.055588
3.000000,0.000268,1.330166,0.027860
4.000000,0.000357,1.326560,0.030430
