iteration,epoch,loss,accuracy,saved_best
2.000000,0.000179,1.428596,0.079768,1.000000
