iteration,epoch,loss,accuracy,saved_best
2.000000,0.000089,1023996.968750,0.412750,0.000000
12.000000,0.000535,1.404820,0.001185,1.000000
22.000000,0.000982,0.306387,0.002227,1.000000
