iteration,epoch,loss,accuracy,saved_best
2.000000,0.000089,1670141038592.000000,0.022686,0.000000
12.000000,0.000535,1.286113,0.002363,1.000000
22.000000,0.000982,0.496387,0.006196,1.000000
32.000000,0.001428,0.303738,0.004598,1.000000
42.000000,0.001874,0.248704,0.008810,1.000000
52.000000,0.002320,0.238142,0.015755,1.000000
62.000000,0.002767,0.218161,0.033129,1.000000
72.000000,0.003213,0.217435,0.104324,1.000000
