iteration,epoch,loss,accuracy
1.000000,0.000045,1.506009,0.262116
